User,Date,Type,Scenario Name,Index,Text,Choice
1574141701931,Tue Nov 19 2019 00:35:01 GMT-0500 (Eastern Standard Time),stage,Operation Cyber Fortress - LOW,0,"Welcome to your first day as the Commander of the Kingdom of Dardania's Cyber Command.",""
1574141701931,Tue Nov 19 2019 00:35:01 GMT-0500 (Eastern Standard Time),stage,Operation Cyber Fortress - LOW,1,"We have been building toward a major cyber campaign, which you will now command. We have prepared a short briefing for you. The briefing is focused on our main rival, the Kingdom of Illyria. ",""
1574141701931,Tue Nov 19 2019 00:35:01 GMT-0500 (Eastern Standard Time),stage,Operation Cyber Fortress - LOW,2,"Commander, this briefing will explain the options at your disposal for countering cyber operations undertaken by Illyrian forces as well as our plans to persist against Illyria with an effort to gain the initiative (advantage) over them in cyberspace.",""
1574141701931,Tue Nov 19 2019 00:35:01 GMT-0500 (Eastern Standard Time),stage,Operation Cyber Fortress - LOW,3,"Cyberspace threats against our Kingdom are growing. Cyber attackers seek personal information about our decision-makers, our government officials, and our military personnel. We have confirmed Illyrian cyber attacks against other countries that have included operations against government research and development programs. Our intelligence and national security agencies are concerned about Illyrian activities on our networks that, beyond intelligence-gathering, could position them in a crisis or war to undermine our ability to make decisions as a government and fight a war. Finally, we suspect that Illyria was behind the cyber operations that led to the theft of confidential documents and their subsequent posting on the internet in an apparent effort to undermine our King's reputation and our peoples' confidence in core political and social institutions. These activities bear the hallmarks of Illyria and while we have internally attributed many of these attacks to them, we have not made an explicit external announcement to date.;One of your mission sets is to reduce the impact of these attacks and begin to seize the initiative back from Illyrian cyber forces, who have been active against us, and put them off-balance and more on-guard. We expect you to conduct cyber operations and design campaigns that will protect our systems and the Kingdom.",""
1574141701931,Tue Nov 19 2019 00:35:01 GMT-0500 (Eastern Standard Time),stage,Operation Cyber Fortress - LOW,4,"While we have been a target of state and non-state actors alike, our main focus is on the Kingdom of Illyria. Illirya has employed multiple spearphishing attacks against us, which are often part of their broader campaigns. Additionally, our assets have been targets of denial of service (DoS) and distributed denial of service (DDoS) attacks. We cannot confirm attribution to Illyria, but prepositioned malware in our critical infrastructure has been found. Overall, we are responding to a broad range of Illyrian hostile activities in cyberspace, including, but not limited to those listed above.",""
1574141701931,Tue Nov 19 2019 00:35:01 GMT-0500 (Eastern Standard Time),stage,Operation Cyber Fortress - LOW,5,"While we reserve the right to respond to Illyrian attacks by all means available, both cyber and conventional military, we aim to be proportional in our response. We have a diverse cyber tool-kit at our disposal, including capabilities such as zero day exploits. We have been successful in prepositioning malware in Illyrian infrastructure that provides reconnaisance, and the potential for disruption, degradation, or destruction of their critical infrastructure. However, overall our capabilities and number of expert personnel across mission sets remain limited, so we must prioritize the use of our forces to specific missions and operations at any given time.",""
1574141701931,Tue Nov 19 2019 00:35:01 GMT-0500 (Eastern Standard Time),stage,Operation Cyber Fortress - LOW,6,"Although the two kingdoms are currently at peace, the Kingdom of Illyria, as you know, has been a long-term rival.  While the Kingdom of Illyria is richer and its economy stands at 13 trillion ducats, as opposed to the Kingdom of Dardania's 1 trillion ducats, we have protected ourselves by being proactive in our security. The King regards cyberspace as a strategic envrionment through which we can advance Dardania's national interests.",""
1574141701931,Tue Nov 19 2019 00:35:01 GMT-0500 (Eastern Standard Time),stage,Operation Cyber Fortress - LOW,7,"In terms of the cyber capabilities under your Command, we have the capacity to detect, deny, disrupt, degrade and deceive through cyber means all of the seven elements of typical cyber attacks, which include Reconnaisance (mapping networks); Weaponization (malware tailored to vulnerabilities); Delivery; Exploitation (leveraging a vulnerability to execute code) ; Installation (placing malware); Command and Control (remote manipulation); Actions on Objectives (accomplishing the mission).",""
1574141701931,Tue Nov 19 2019 00:35:01 GMT-0500 (Eastern Standard Time),stage,Operation Cyber Fortress - LOW,8,"Our 2nd Cyber Brigade's intelligence-gathering operations indicate that Illyria is developing significant cyber capabilities that may overmatch our own cyber forces, and particularly, our ability to protect our networks and to engage in counter-cyber operations effectively. ",""
1574141701931,Tue Nov 19 2019 00:35:01 GMT-0500 (Eastern Standard Time),stage,Operation Cyber Fortress - LOW,9,"The King has authorized you to commence a cyber campaign against Illyria called Operation Cyber Fortress.  Your objective is to gain significant intelligence about their cyber capabilities and then use that intelligence to manipulate their cyber capabilities, making them ineffective when launched against us. Your goal is to covertly undermine their malware research and development capacity.",""
1574141701931,Tue Nov 19 2019 00:35:01 GMT-0500 (Eastern Standard Time),stage,Operation Cyber Fortress - LOW,10,"During this mission, it is essential that your soldiers remain undetected and that our overall campaign remain covert. Our Cyber Command must also guarantee that our own nation's critical networks remain safe and fully functioning.",""
1574141701931,Tue Nov 19 2019 00:35:01 GMT-0500 (Eastern Standard Time),stage,Operation Cyber Fortress - LOW,11,"The first step in our campaign is to gain access to key servers in Illyria. Reconnaissance operations have identified the Illyrian Ministry of Defense as a key node in their overall national network. From this point forward you are in charge of Operation Cyber Fortress. The King looks forward to your reports of success. You are now in full operational control.;Your deputy, the Cyber Command Mission Force Leader, will keep you apprised of all activity.",""
1574141701931,Tue Nov 19 2019 00:35:01 GMT-0500 (Eastern Standard Time),stage,Operation Cyber Fortress - LOW,12,"Commander, we have prepared a comprehensive spear-phishing attack and we have high confidence of its success. Please use your attack menu on the right to authorize this operation. ","Launch Spear-Phishing Attack"
1574141701931,Tue Nov 19 2019 00:35:01 GMT-0500 (Eastern Standard Time),stage,Operation Cyber Fortress - LOW,13,"Commander, Dardania's In! Congratulations. The target opened the spearphishing email and clicked on the attachment. Dardania has just gained access into Illyria's networks -- the trojan has been activated and the backdoor is installed. I am pleased to say that we now have access to the network of the Kingdom of Illyria's Ministry of Defense and will begin our mapping activities in search of their malware development.",""
1574141701931,Tue Nov 19 2019 00:35:01 GMT-0500 (Eastern Standard Time),stage,Operation Cyber Fortress - LOW,14,"ALERT!;Commander, members of our 1st Cyber Brigade, who are conducting our operations on Illyria's Ministry of Defense servers, have received the following message on their screens.",""
1574141701931,Tue Nov 19 2019 00:35:01 GMT-0500 (Eastern Standard Time),stage,Operation Cyber Fortress - LOW,15,"Hello Soldier, We are watching YOU;;Respectfully,
Kingdom of Illyria",""
1574141701931,Tue Nov 19 2019 00:35:01 GMT-0500 (Eastern Standard Time),stage,Operation Cyber Fortress - LOW,16,"How do you wish to proceed? Under this contigency, we have planned two options for you. Please activate the option through your action box.","Order  the Mission Force Leader to suspend Operation Cyber Fortress and to divert resources to help defend/repair Cyber Command's systems."
1574141701931,Tue Nov 19 2019 00:35:01 GMT-0500 (Eastern Standard Time),stage,Operation Cyber Fortress - LOW,17,"ALERT;Commander, this is Officer Greyriver from Dardanian Cyber Command Mission Force. Our 2nd Cyber Brigade of the great Kingdom of Dardania in charge of running espionage operations against the Kingdom of Illyria is now dealing with an apparent additional inflitration by Illyria.  
;I am writing to inform you that earlier this morning five of our active officers received emails while they were in our operations center notifying them that they are being watched. The emails were undersigned by Kingdom of Illyria. There has been no public release of this incident. While we assume it is likely Illyria, we cannot confirm that with certainity at this time.",""
1574141701931,Tue Nov 19 2019 00:35:01 GMT-0500 (Eastern Standard Time),stage,Operation Cyber Fortress - LOW,18,"Commander, in light of both the 2nd Cyber Brigade alert and my previous alert, we have prepared our cyber forces to execute on your command across the following options.  Please activate the option through your action box. "Faith-Strength-Valor"! ","Conclude that the Illyrian operations equate to an act of war and recommend to the King that we should respond with a declaration of war and relatiatory strikes, both cyber and conventional, against the Kingdom of Illyria."
1574141701931,Tue Nov 19 2019 00:35:01 GMT-0500 (Eastern Standard Time),survey: message,Operation Cyber Fortress - LOW,0,"This concludes the simulation portion of the experiment.  Please answer the following questions.",""
1574141701931,Tue Nov 19 2019 00:35:01 GMT-0500 (Eastern Standard Time),survey: short_answer,Operation Cyber Fortress - LOW,1,"Why did you choose the action you selected in the final step of the scenario?","fbgiuwfvhjfewf"
1574141701931,Tue Nov 19 2019 00:35:01 GMT-0500 (Eastern Standard Time),survey: multiple_choice,Operation Cyber Fortress - LOW,2,"A DDoS attack is:","Software that blocks access to the victim’s data and threatens to publish or delete it until ransom is paid"
1574141701931,Tue Nov 19 2019 00:35:01 GMT-0500 (Eastern Standard Time),survey: multiple_choice,Operation Cyber Fortress - LOW,3,"A phishing attack is:","Software specifically designed to compromise the operating system by performing an unauthorized function or process"
1574141701931,Tue Nov 19 2019 00:35:01 GMT-0500 (Eastern Standard Time),survey: multiple_choice,Operation Cyber Fortress - LOW,4,"Malware is:","Software that blocks access to the victim’s data and threatens to publish or delete it until ransom is paid"
1574141701931,Tue Nov 19 2019 00:35:01 GMT-0500 (Eastern Standard Time),survey: short_answer,Operation Cyber Fortress - LOW,5,"Thinking in terms of cyber-based actions you could take as a country, what would be an example of you seizing the initiative over your competitors?","fdsfdsa"
1574141701931,Tue Nov 19 2019 00:35:01 GMT-0500 (Eastern Standard Time),survey: short_answer,Operation Cyber Fortress - LOW,6,"Continuing from the previous question, what would be an example of them seizing the initiative back from you in the wake of your action?","fdsfdsf"
1574141701931,Tue Nov 19 2019 00:35:01 GMT-0500 (Eastern Standard Time),survey: multiple_choice,Operation Cyber Fortress - LOW,7,"How frequently do you consume news media related to foreign affairs?","Regularly"
1574141701931,Tue Nov 19 2019 00:35:01 GMT-0500 (Eastern Standard Time),survey: short_answer,Operation Cyber Fortress - LOW,8,"What is your major?","fdsfdsaf"
1574141701931,Tue Nov 19 2019 00:35:01 GMT-0500 (Eastern Standard Time),survey: multiple_choice,Operation Cyber Fortress - LOW,9,"What is your academic standing?","Not a student"
1574141701931,Tue Nov 19 2019 00:35:01 GMT-0500 (Eastern Standard Time),survey: multiple_choice,Operation Cyber Fortress - LOW,10,"How would you rate your experience in cybersecurity?","Lower than the average college student"
1574141701931,Tue Nov 19 2019 00:35:01 GMT-0500 (Eastern Standard Time),survey: multiple_choice,Operation Cyber Fortress - LOW,11,"Is English your first language?","No"
1574141701931,Tue Nov 19 2019 00:35:01 GMT-0500 (Eastern Standard Time),survey: message,Operation Cyber Fortress - LOW,12,"This concludes the experiment.  Thank you for your participation!",""
1578361284559,Mon Jan 06 2020 20:41:24 GMT-0500 (Eastern Standard Time),stage,Operation Cyber Fortress - LOW,0,"Welcome to your first day as the Commander of the Kingdom of Dardania's Cyber Command.",""
1578361284559,Mon Jan 06 2020 20:41:24 GMT-0500 (Eastern Standard Time),stage,Operation Cyber Fortress - LOW,1,"We have been building toward a major cyber campaign, which you will now command. We have prepared a short briefing for you. The briefing is focused on our main rival, the Kingdom of Illyria. ",""
1578361284559,Mon Jan 06 2020 20:41:24 GMT-0500 (Eastern Standard Time),stage,Operation Cyber Fortress - LOW,2,"Commander, this briefing will explain the options at your disposal for countering cyber operations undertaken by Illyrian forces as well as our plans to persist against Illyria with an effort to gain the initiative (advantage) over them in cyberspace.",""
1578361284559,Mon Jan 06 2020 20:41:24 GMT-0500 (Eastern Standard Time),stage,Operation Cyber Fortress - LOW,3,"Cyberspace threats against our Kingdom are growing. Cyber attackers seek personal information about our decision-makers, our government officials, and our military personnel. We have confirmed Illyrian cyber attacks against other countries that have included operations against government research and development programs. Our intelligence and national security agencies are concerned about Illyrian activities on our networks that, beyond intelligence-gathering, could position them in a crisis or war to undermine our ability to make decisions as a government and fight a war. Finally, we suspect that Illyria was behind the cyber operations that led to the theft of confidential documents and their subsequent posting on the internet in an apparent effort to undermine our King's reputation and our peoples' confidence in core political and social institutions. These activities bear the hallmarks of Illyria and while we have internally attributed many of these attacks to them, we have not made an explicit external announcement to date.;One of your mission sets is to reduce the impact of these attacks and begin to seize the initiative back from Illyrian cyber forces, who have been active against us, and put them off-balance and more on-guard. We expect you to conduct cyber operations and design campaigns that will protect our systems and the Kingdom.",""
1578361284559,Mon Jan 06 2020 20:41:24 GMT-0500 (Eastern Standard Time),stage,Operation Cyber Fortress - LOW,4,"While we have been a target of state and non-state actors alike, our main focus is on the Kingdom of Illyria. Illirya has employed multiple spearphishing attacks against us, which are often part of their broader campaigns. Additionally, our assets have been targets of denial of service (DoS) and distributed denial of service (DDoS) attacks. We cannot confirm attribution to Illyria, but prepositioned malware in our critical infrastructure has been found. Overall, we are responding to a broad range of Illyrian hostile activities in cyberspace, including, but not limited to those listed above.",""
1578361284559,Mon Jan 06 2020 20:41:24 GMT-0500 (Eastern Standard Time),stage,Operation Cyber Fortress - LOW,5,"While we reserve the right to respond to Illyrian attacks by all means available, both cyber and conventional military, we aim to be proportional in our response. We have a diverse cyber tool-kit at our disposal, including capabilities such as zero day exploits. We have been successful in prepositioning malware in Illyrian infrastructure that provides reconnaisance, and the potential for disruption, degradation, or destruction of their critical infrastructure. However, overall our capabilities and number of expert personnel across mission sets remain limited, so we must prioritize the use of our forces to specific missions and operations at any given time.",""
1578361284559,Mon Jan 06 2020 20:41:24 GMT-0500 (Eastern Standard Time),stage,Operation Cyber Fortress - LOW,6,"Although the two kingdoms are currently at peace, the Kingdom of Illyria, as you know, has been a long-term rival.  While the Kingdom of Illyria is richer and its economy stands at 13 trillion ducats, as opposed to the Kingdom of Dardania's 1 trillion ducats, we have protected ourselves by being proactive in our security. The King regards cyberspace as a strategic envrionment through which we can advance Dardania's national interests.",""
1578361284559,Mon Jan 06 2020 20:41:24 GMT-0500 (Eastern Standard Time),stage,Operation Cyber Fortress - LOW,7,"In terms of the cyber capabilities under your Command, we have the capacity to detect, deny, disrupt, degrade and deceive through cyber means all of the seven elements of typical cyber attacks, which include Reconnaisance (mapping networks); Weaponization (malware tailored to vulnerabilities); Delivery; Exploitation (leveraging a vulnerability to execute code) ; Installation (placing malware); Command and Control (remote manipulation); Actions on Objectives (accomplishing the mission).",""
1578361284559,Mon Jan 06 2020 20:41:24 GMT-0500 (Eastern Standard Time),stage,Operation Cyber Fortress - LOW,8,"Our 2nd Cyber Brigade's intelligence-gathering operations indicate that Illyria is developing significant cyber capabilities that may overmatch our own cyber forces, and particularly, our ability to protect our networks and to engage in counter-cyber operations effectively. ",""
1578361284559,Mon Jan 06 2020 20:41:24 GMT-0500 (Eastern Standard Time),stage,Operation Cyber Fortress - LOW,9,"The King has authorized you to commence a cyber campaign against Illyria called Operation Cyber Fortress.  Your objective is to gain significant intelligence about their cyber capabilities and then use that intelligence to manipulate their cyber capabilities, making them ineffective when launched against us. Your goal is to covertly undermine their malware research and development capacity.",""
1578361284559,Mon Jan 06 2020 20:41:24 GMT-0500 (Eastern Standard Time),stage,Operation Cyber Fortress - LOW,10,"During this mission, it is essential that your soldiers remain undetected and that our overall campaign remain covert. Our Cyber Command must also guarantee that our own nation's critical networks remain safe and fully functioning.",""
1578361284559,Mon Jan 06 2020 20:41:24 GMT-0500 (Eastern Standard Time),stage,Operation Cyber Fortress - LOW,11,"The first step in our campaign is to gain access to key servers in Illyria. Reconnaissance operations have identified the Illyrian Ministry of Defense as a key node in their overall national network. From this point forward you are in charge of Operation Cyber Fortress. The King looks forward to your reports of success. You are now in full operational control.;Your deputy, the Cyber Command Mission Force Leader, will keep you apprised of all activity.",""
1578361284559,Mon Jan 06 2020 20:41:24 GMT-0500 (Eastern Standard Time),stage,Operation Cyber Fortress - LOW,12,"Commander, we have prepared a comprehensive spear-phishing attack and we have high confidence of its success. Please use your attack menu on the right to authorize this operation. ","Launch Spear-Phishing Attack"
1578361284559,Mon Jan 06 2020 20:41:24 GMT-0500 (Eastern Standard Time),stage,Operation Cyber Fortress - LOW,13,"Commander, Dardania's In! Congratulations. The target opened the spearphishing email and clicked on the attachment. Dardania has just gained access into Illyria's networks -- the trojan has been activated and the backdoor is installed. I am pleased to say that we now have access to the network of the Kingdom of Illyria's Ministry of Defense and will begin our mapping activities in search of their malware development.",""
1578361284559,Mon Jan 06 2020 20:41:24 GMT-0500 (Eastern Standard Time),stage,Operation Cyber Fortress - LOW,14,"ALERT!;Commander, members of our 1st Cyber Brigade, who are conducting our operations on Illyria's Ministry of Defense servers, have received the following message on their screens.",""
1578361284559,Mon Jan 06 2020 20:41:24 GMT-0500 (Eastern Standard Time),stage,Operation Cyber Fortress - LOW,15,"Hello Soldier, We are watching YOU;;Respectfully,
Kingdom of Illyria",""
1578361284559,Mon Jan 06 2020 20:41:24 GMT-0500 (Eastern Standard Time),stage,Operation Cyber Fortress - LOW,16,"How do you wish to proceed? Under this contigency, we have planned two options for you. Please activate the option through your action box.","Order  the Mission Force Leader to suspend Operation Cyber Fortress and to divert resources to help defend/repair Cyber Command's systems."
1578361284559,Mon Jan 06 2020 20:41:24 GMT-0500 (Eastern Standard Time),stage,Operation Cyber Fortress - LOW,17,"ALERT;Commander, this is Officer Greyriver from Dardanian Cyber Command Mission Force. Our 2nd Cyber Brigade of the great Kingdom of Dardania in charge of running espionage operations against the Kingdom of Illyria is now dealing with an apparent additional inflitration by Illyria.  
;I am writing to inform you that earlier this morning five of our active officers received emails while they were in our operations center notifying them that they are being watched. The emails were undersigned by Kingdom of Illyria. There has been no public release of this incident. While we assume it is likely Illyria, we cannot confirm that with certainity at this time.",""
1578361284559,Mon Jan 06 2020 20:41:24 GMT-0500 (Eastern Standard Time),stage,Operation Cyber Fortress - LOW,18,"Commander, in light of both the 2nd Cyber Brigade alert and my previous alert, we have prepared our cyber forces to execute on your command across the following options.  Please activate the option through your action box. "Faith-Strength-Valor"! ","Execute a DDoS attack against the Ministry of Defense of the Kingdom of Illyria that will seek to slow, disrupt, or degrade their operations against us."
1578361284559,Mon Jan 06 2020 20:41:24 GMT-0500 (Eastern Standard Time),survey: message,Operation Cyber Fortress - LOW,0,"This concludes the simulation portion of the experiment.  Please answer the following questions.",""
1578361284559,Mon Jan 06 2020 20:41:24 GMT-0500 (Eastern Standard Time),survey: short_answer,Operation Cyber Fortress - LOW,1,"Why did you choose the action you selected in the final step of the scenario?",""
1578361284559,Mon Jan 06 2020 20:41:24 GMT-0500 (Eastern Standard Time),survey: multiple_choice,Operation Cyber Fortress - LOW,2,"A DDoS attack is:","An attack aimed at making a machine or network resource unavailable to its intended users, which can be performed by utilizing numerous systems simultaneously."
1578361284559,Mon Jan 06 2020 20:41:24 GMT-0500 (Eastern Standard Time),survey: multiple_choice,Operation Cyber Fortress - LOW,3,"A phishing attack is:","Software specifically designed to compromise the operating system by performing an unauthorized function or process"
1578361284559,Mon Jan 06 2020 20:41:24 GMT-0500 (Eastern Standard Time),survey: multiple_choice,Operation Cyber Fortress - LOW,4,"Malware is:","An attack aimed at making a machine or network resource unavailable to its intended users, which can be performed by utilizing numerous systems simultaneously."
1578361284559,Mon Jan 06 2020 20:41:24 GMT-0500 (Eastern Standard Time),survey: short_answer,Operation Cyber Fortress - LOW,5,"Thinking in terms of cyber-based actions you could take as a country, what would be an example of you seizing the initiative over your competitors?",""
1578361284559,Mon Jan 06 2020 20:41:24 GMT-0500 (Eastern Standard Time),survey: short_answer,Operation Cyber Fortress - LOW,6,"Continuing from the previous question, what would be an example of them seizing the initiative back from you in the wake of your action?",""
1578361284559,Mon Jan 06 2020 20:41:24 GMT-0500 (Eastern Standard Time),survey: multiple_choice,Operation Cyber Fortress - LOW,7,"How frequently do you consume news media related to foreign affairs?","Regularly"
1578361284559,Mon Jan 06 2020 20:41:24 GMT-0500 (Eastern Standard Time),survey: short_answer,Operation Cyber Fortress - LOW,8,"What is your major?",""
1578361284559,Mon Jan 06 2020 20:41:24 GMT-0500 (Eastern Standard Time),survey: multiple_choice,Operation Cyber Fortress - LOW,9,"What is your academic standing?","Junior"
1578361284559,Mon Jan 06 2020 20:41:24 GMT-0500 (Eastern Standard Time),survey: multiple_choice,Operation Cyber Fortress - LOW,10,"How would you rate your experience in cybersecurity?","Lower than the average college student"
1578361284559,Mon Jan 06 2020 20:41:24 GMT-0500 (Eastern Standard Time),survey: multiple_choice,Operation Cyber Fortress - LOW,11,"Is English your first language?","No"
1578361284559,Mon Jan 06 2020 20:41:24 GMT-0500 (Eastern Standard Time),survey: message,Operation Cyber Fortress - LOW,12,"This concludes the experiment.  Thank you for your participation!",""
1578362774059,Mon Jan 06 2020 21:06:14 GMT-0500 (Eastern Standard Time),stage,Operation Cyber Fortress - LOW,0,"Welcome to your first day as the Commander of the Kingdom of Dardania's Cyber Command.",""
1578362774059,Mon Jan 06 2020 21:06:14 GMT-0500 (Eastern Standard Time),stage,Operation Cyber Fortress - LOW,1,"We have been building toward a major cyber campaign, which you will now command. We have prepared a short briefing for you. The briefing is focused on our main rival, the Kingdom of Illyria. ",""
1578362774059,Mon Jan 06 2020 21:06:14 GMT-0500 (Eastern Standard Time),stage,Operation Cyber Fortress - LOW,2,"Commander, this briefing will explain the options at your disposal for countering cyber operations undertaken by Illyrian forces as well as our plans to persist against Illyria with an effort to gain the initiative (advantage) over them in cyberspace.",""
1578362774059,Mon Jan 06 2020 21:06:14 GMT-0500 (Eastern Standard Time),stage,Operation Cyber Fortress - LOW,3,"Cyberspace threats against our Kingdom are growing. Cyber attackers seek personal information about our decision-makers, our government officials, and our military personnel. We have confirmed Illyrian cyber attacks against other countries that have included operations against government research and development programs. Our intelligence and national security agencies are concerned about Illyrian activities on our networks that, beyond intelligence-gathering, could position them in a crisis or war to undermine our ability to make decisions as a government and fight a war. Finally, we suspect that Illyria was behind the cyber operations that led to the theft of confidential documents and their subsequent posting on the internet in an apparent effort to undermine our King's reputation and our peoples' confidence in core political and social institutions. These activities bear the hallmarks of Illyria and while we have internally attributed many of these attacks to them, we have not made an explicit external announcement to date.;One of your mission sets is to reduce the impact of these attacks and begin to seize the initiative back from Illyrian cyber forces, who have been active against us, and put them off-balance and more on-guard. We expect you to conduct cyber operations and design campaigns that will protect our systems and the Kingdom.",""
1578362774059,Mon Jan 06 2020 21:06:14 GMT-0500 (Eastern Standard Time),stage,Operation Cyber Fortress - LOW,4,"While we have been a target of state and non-state actors alike, our main focus is on the Kingdom of Illyria. Illirya has employed multiple spearphishing attacks against us, which are often part of their broader campaigns. Additionally, our assets have been targets of denial of service (DoS) and distributed denial of service (DDoS) attacks. We cannot confirm attribution to Illyria, but prepositioned malware in our critical infrastructure has been found. Overall, we are responding to a broad range of Illyrian hostile activities in cyberspace, including, but not limited to those listed above.",""
1578362774059,Mon Jan 06 2020 21:06:14 GMT-0500 (Eastern Standard Time),stage,Operation Cyber Fortress - LOW,5,"While we reserve the right to respond to Illyrian attacks by all means available, both cyber and conventional military, we aim to be proportional in our response. We have a diverse cyber tool-kit at our disposal, including capabilities such as zero day exploits. We have been successful in prepositioning malware in Illyrian infrastructure that provides reconnaisance, and the potential for disruption, degradation, or destruction of their critical infrastructure. However, overall our capabilities and number of expert personnel across mission sets remain limited, so we must prioritize the use of our forces to specific missions and operations at any given time.",""
1578362774059,Mon Jan 06 2020 21:06:14 GMT-0500 (Eastern Standard Time),stage,Operation Cyber Fortress - LOW,6,"Although the two kingdoms are currently at peace, the Kingdom of Illyria, as you know, has been a long-term rival.  While the Kingdom of Illyria is richer and its economy stands at 13 trillion ducats, as opposed to the Kingdom of Dardania's 1 trillion ducats, we have protected ourselves by being proactive in our security. The King regards cyberspace as a strategic envrionment through which we can advance Dardania's national interests.",""
1578362774059,Mon Jan 06 2020 21:06:14 GMT-0500 (Eastern Standard Time),stage,Operation Cyber Fortress - LOW,7,"In terms of the cyber capabilities under your Command, we have the capacity to detect, deny, disrupt, degrade and deceive through cyber means all of the seven elements of typical cyber attacks, which include Reconnaisance (mapping networks); Weaponization (malware tailored to vulnerabilities); Delivery; Exploitation (leveraging a vulnerability to execute code) ; Installation (placing malware); Command and Control (remote manipulation); Actions on Objectives (accomplishing the mission).",""
1578362774059,Mon Jan 06 2020 21:06:14 GMT-0500 (Eastern Standard Time),stage,Operation Cyber Fortress - LOW,8,"Our 2nd Cyber Brigade's intelligence-gathering operations indicate that Illyria is developing significant cyber capabilities that may overmatch our own cyber forces, and particularly, our ability to protect our networks and to engage in counter-cyber operations effectively. ",""
1578362774059,Mon Jan 06 2020 21:06:14 GMT-0500 (Eastern Standard Time),stage,Operation Cyber Fortress - LOW,9,"The King has authorized you to commence a cyber campaign against Illyria called Operation Cyber Fortress.  Your objective is to gain significant intelligence about their cyber capabilities and then use that intelligence to manipulate their cyber capabilities, making them ineffective when launched against us. Your goal is to covertly undermine their malware research and development capacity.",""
1578362774059,Mon Jan 06 2020 21:06:14 GMT-0500 (Eastern Standard Time),stage,Operation Cyber Fortress - LOW,10,"During this mission, it is essential that your soldiers remain undetected and that our overall campaign remain covert. Our Cyber Command must also guarantee that our own nation's critical networks remain safe and fully functioning.",""
1578362774059,Mon Jan 06 2020 21:06:14 GMT-0500 (Eastern Standard Time),stage,Operation Cyber Fortress - LOW,11,"The first step in our campaign is to gain access to key servers in Illyria. Reconnaissance operations have identified the Illyrian Ministry of Defense as a key node in their overall national network. From this point forward you are in charge of Operation Cyber Fortress. The King looks forward to your reports of success. You are now in full operational control.;Your deputy, the Cyber Command Mission Force Leader, will keep you apprised of all activity.",""
1578362774059,Mon Jan 06 2020 21:06:14 GMT-0500 (Eastern Standard Time),stage,Operation Cyber Fortress - LOW,12,"Commander, we have prepared a comprehensive spear-phishing attack and we have high confidence of its success. Please use your attack menu on the right to authorize this operation. ","Launch Spear-Phishing Attack"
1578362774059,Mon Jan 06 2020 21:06:14 GMT-0500 (Eastern Standard Time),stage,Operation Cyber Fortress - LOW,13,"Commander, Dardania's In! Congratulations. The target opened the spearphishing email and clicked on the attachment. Dardania has just gained access into Illyria's networks -- the trojan has been activated and the backdoor is installed. I am pleased to say that we now have access to the network of the Kingdom of Illyria's Ministry of Defense and will begin our mapping activities in search of their malware development.",""
1578362774059,Mon Jan 06 2020 21:06:14 GMT-0500 (Eastern Standard Time),stage,Operation Cyber Fortress - LOW,14,"ALERT!;Commander, members of our 1st Cyber Brigade, who are conducting our operations on Illyria's Ministry of Defense servers, have received the following message on their screens.",""
1578362774059,Mon Jan 06 2020 21:06:14 GMT-0500 (Eastern Standard Time),stage,Operation Cyber Fortress - LOW,15,"Hello Soldier, We are watching YOU;;Respectfully,
Kingdom of Illyria",""
1578362774059,Mon Jan 06 2020 21:06:14 GMT-0500 (Eastern Standard Time),stage,Operation Cyber Fortress - LOW,16,"How do you wish to proceed? Under this contigency, we have planned two options for you. Please activate the option through your action box.","Order  the Mission Force Leader to suspend Operation Cyber Fortress and to divert resources to help defend/repair Cyber Command's systems."
1578362774059,Mon Jan 06 2020 21:06:14 GMT-0500 (Eastern Standard Time),stage,Operation Cyber Fortress - LOW,17,"ALERT;Commander, this is Officer Greyriver from Dardanian Cyber Command Mission Force. Our 2nd Cyber Brigade of the great Kingdom of Dardania in charge of running espionage operations against the Kingdom of Illyria is now dealing with an apparent additional inflitration by Illyria.  
;I am writing to inform you that earlier this morning five of our active officers received emails while they were in our operations center notifying them that they are being watched. The emails were undersigned by Kingdom of Illyria. There has been no public release of this incident. While we assume it is likely Illyria, we cannot confirm that with certainity at this time.",""
1578362774059,Mon Jan 06 2020 21:06:14 GMT-0500 (Eastern Standard Time),stage,Operation Cyber Fortress - LOW,18,"Commander, in light of both the 2nd Cyber Brigade alert and my previous alert, we have prepared our cyber forces to execute on your command across the following options.  Please activate the option through your action box. "Faith-Strength-Valor"! ","Activate our prepositioned wiper malware on the Illyrian Cyber Command network and destroy Illyrian malware databases."
1578362774059,Mon Jan 06 2020 21:06:14 GMT-0500 (Eastern Standard Time),survey: message,Operation Cyber Fortress - LOW,0,"This concludes the simulation portion of the experiment.  Please answer the following questions.",""
1578362774059,Mon Jan 06 2020 21:06:14 GMT-0500 (Eastern Standard Time),survey: short_answer,Operation Cyber Fortress - LOW,1,"Why did you choose the action you selected in the final step of the scenario?",""
1578362774059,Mon Jan 06 2020 21:06:14 GMT-0500 (Eastern Standard Time),survey: multiple_choice,Operation Cyber Fortress - LOW,2,"A DDoS attack is:","Software specifically designed to compromise the operating system by performing an unauthorized function or process"
1578362774059,Mon Jan 06 2020 21:06:14 GMT-0500 (Eastern Standard Time),survey: multiple_choice,Operation Cyber Fortress - LOW,3,"A phishing attack is:","Software specifically designed to compromise the operating system by performing an unauthorized function or process"
1578362774059,Mon Jan 06 2020 21:06:14 GMT-0500 (Eastern Standard Time),survey: multiple_choice,Operation Cyber Fortress - LOW,4,"Malware is:","Software specifically designed to compromise the operating system by performing an unauthorized function or process"
1578362774059,Mon Jan 06 2020 21:06:14 GMT-0500 (Eastern Standard Time),survey: short_answer,Operation Cyber Fortress - LOW,5,"Thinking in terms of cyber-based actions you could take as a country, what would be an example of you seizing the initiative over your competitors?",""
1578362774059,Mon Jan 06 2020 21:06:14 GMT-0500 (Eastern Standard Time),survey: short_answer,Operation Cyber Fortress - LOW,6,"Continuing from the previous question, what would be an example of them seizing the initiative back from you in the wake of your action?",""
1578362774059,Mon Jan 06 2020 21:06:14 GMT-0500 (Eastern Standard Time),survey: multiple_choice,Operation Cyber Fortress - LOW,7,"How frequently do you consume news media related to foreign affairs?","Regularly"
1578362774059,Mon Jan 06 2020 21:06:14 GMT-0500 (Eastern Standard Time),survey: short_answer,Operation Cyber Fortress - LOW,8,"What is your major?",""
1578362774059,Mon Jan 06 2020 21:06:14 GMT-0500 (Eastern Standard Time),survey: multiple_choice,Operation Cyber Fortress - LOW,9,"What is your academic standing?","Not a student"
1578362774059,Mon Jan 06 2020 21:06:14 GMT-0500 (Eastern Standard Time),survey: multiple_choice,Operation Cyber Fortress - LOW,10,"How would you rate your experience in cybersecurity?","Higher than the average college student"
1578362774059,Mon Jan 06 2020 21:06:14 GMT-0500 (Eastern Standard Time),survey: multiple_choice,Operation Cyber Fortress - LOW,11,"Is English your first language?","Yes"
1578362774059,Mon Jan 06 2020 21:06:14 GMT-0500 (Eastern Standard Time),survey: message,Operation Cyber Fortress - LOW,12,"This concludes the experiment.  Thank you for your participation!",""
1578594602217,Thu Jan 09 2020 13:30:02 GMT-0500 (Eastern Standard Time),stage,Operation Cyber Fortress - LOW,0,"Welcome to your first day as the Commander of the Kingdom of Dardania's Cyber Command.",""
1578594602217,Thu Jan 09 2020 13:30:02 GMT-0500 (Eastern Standard Time),stage,Operation Cyber Fortress - LOW,1,"We have been building toward a major cyber campaign, which you will now command. We have prepared a short briefing for you. The briefing is focused on our main rival, the Kingdom of Illyria. ",""
1578594602217,Thu Jan 09 2020 13:30:02 GMT-0500 (Eastern Standard Time),stage,Operation Cyber Fortress - LOW,2,"Commander, this briefing will explain the options at your disposal for countering cyber operations undertaken by Illyrian forces as well as our plans to persist against Illyria with an effort to gain the initiative (advantage) over them in cyberspace.",""
1578594602217,Thu Jan 09 2020 13:30:02 GMT-0500 (Eastern Standard Time),stage,Operation Cyber Fortress - LOW,3,"Cyberspace threats against our Kingdom are growing. Cyber attackers seek personal information about our decision-makers, our government officials, and our military personnel. We have confirmed Illyrian cyber attacks against other countries that have included operations against government research and development programs. Our intelligence and national security agencies are concerned about Illyrian activities on our networks that, beyond intelligence-gathering, could position them in a crisis or war to undermine our ability to make decisions as a government and fight a war. Finally, we suspect that Illyria was behind the cyber operations that led to the theft of confidential documents and their subsequent posting on the internet in an apparent effort to undermine our King's reputation and our peoples' confidence in core political and social institutions. These activities bear the hallmarks of Illyria and while we have internally attributed many of these attacks to them, we have not made an explicit external announcement to date.;One of your mission sets is to reduce the impact of these attacks and begin to seize the initiative back from Illyrian cyber forces, who have been active against us, and put them off-balance and more on-guard. We expect you to conduct cyber operations and design campaigns that will protect our systems and the Kingdom.",""
1578594602217,Thu Jan 09 2020 13:30:02 GMT-0500 (Eastern Standard Time),stage,Operation Cyber Fortress - LOW,4,"While we have been a target of state and non-state actors alike, our main focus is on the Kingdom of Illyria. Illirya has employed multiple spearphishing attacks against us, which are often part of their broader campaigns. Additionally, our assets have been targets of denial of service (DoS) and distributed denial of service (DDoS) attacks. We cannot confirm attribution to Illyria, but prepositioned malware in our critical infrastructure has been found. Overall, we are responding to a broad range of Illyrian hostile activities in cyberspace, including, but not limited to those listed above.",""
1578594602217,Thu Jan 09 2020 13:30:02 GMT-0500 (Eastern Standard Time),stage,Operation Cyber Fortress - LOW,5,"While we reserve the right to respond to Illyrian attacks by all means available, both cyber and conventional military, we aim to be proportional in our response. We have a diverse cyber tool-kit at our disposal, including capabilities such as zero day exploits. We have been successful in prepositioning malware in Illyrian infrastructure that provides reconnaisance, and the potential for disruption, degradation, or destruction of their critical infrastructure. However, overall our capabilities and number of expert personnel across mission sets remain limited, so we must prioritize the use of our forces to specific missions and operations at any given time.",""
1578594602217,Thu Jan 09 2020 13:30:02 GMT-0500 (Eastern Standard Time),stage,Operation Cyber Fortress - LOW,6,"Although the two kingdoms are currently at peace, the Kingdom of Illyria, as you know, has been a long-term rival.  While the Kingdom of Illyria is richer and its economy stands at 13 trillion ducats, as opposed to the Kingdom of Dardania's 1 trillion ducats, we have protected ourselves by being proactive in our security. The King regards cyberspace as a strategic envrionment through which we can advance Dardania's national interests.",""
1578594602217,Thu Jan 09 2020 13:30:02 GMT-0500 (Eastern Standard Time),stage,Operation Cyber Fortress - LOW,7,"In terms of the cyber capabilities under your Command, we have the capacity to detect, deny, disrupt, degrade and deceive through cyber means all of the seven elements of typical cyber attacks, which include Reconnaisance (mapping networks); Weaponization (malware tailored to vulnerabilities); Delivery; Exploitation (leveraging a vulnerability to execute code) ; Installation (placing malware); Command and Control (remote manipulation); Actions on Objectives (accomplishing the mission).",""
1578594602217,Thu Jan 09 2020 13:30:02 GMT-0500 (Eastern Standard Time),stage,Operation Cyber Fortress - LOW,8,"Our 2nd Cyber Brigade's intelligence-gathering operations indicate that Illyria is developing significant cyber capabilities that may overmatch our own cyber forces, and particularly, our ability to protect our networks and to engage in counter-cyber operations effectively. ",""
1578594602217,Thu Jan 09 2020 13:30:02 GMT-0500 (Eastern Standard Time),stage,Operation Cyber Fortress - LOW,9,"The King has authorized you to commence a cyber campaign against Illyria called Operation Cyber Fortress.  Your objective is to gain significant intelligence about their cyber capabilities and then use that intelligence to manipulate their cyber capabilities, making them ineffective when launched against us. Your goal is to covertly undermine their malware research and development capacity.",""
1578594602217,Thu Jan 09 2020 13:30:02 GMT-0500 (Eastern Standard Time),stage,Operation Cyber Fortress - LOW,10,"During this mission, it is essential that your soldiers remain undetected and that our overall campaign remain covert. Our Cyber Command must also guarantee that our own nation's critical networks remain safe and fully functioning.",""
1578594602217,Thu Jan 09 2020 13:30:02 GMT-0500 (Eastern Standard Time),stage,Operation Cyber Fortress - LOW,11,"The first step in our campaign is to gain access to key servers in Illyria. Reconnaissance operations have identified the Illyrian Ministry of Defense as a key node in their overall national network. From this point forward you are in charge of Operation Cyber Fortress. The King looks forward to your reports of success. You are now in full operational control.;Your deputy, the Cyber Command Mission Force Leader, will keep you apprised of all activity.",""
1578594602217,Thu Jan 09 2020 13:30:02 GMT-0500 (Eastern Standard Time),stage,Operation Cyber Fortress - LOW,12,"Commander, we have prepared a comprehensive spear-phishing attack and we have high confidence of its success. Please use your attack menu on the right to authorize this operation. ","Launch Spear-Phishing Attack"
1578594602217,Thu Jan 09 2020 13:30:02 GMT-0500 (Eastern Standard Time),stage,Operation Cyber Fortress - LOW,13,"Commander, Dardania's In! Congratulations. The target opened the spearphishing email and clicked on the attachment. Dardania has just gained access into Illyria's networks -- the trojan has been activated and the backdoor is installed. I am pleased to say that we now have access to the network of the Kingdom of Illyria's Ministry of Defense and will begin our mapping activities in search of their malware development.",""
1578594602217,Thu Jan 09 2020 13:30:02 GMT-0500 (Eastern Standard Time),stage,Operation Cyber Fortress - LOW,14,"ALERT!;Commander, members of our 1st Cyber Brigade, who are conducting our operations on Illyria's Ministry of Defense servers, have received the following message on their screens.",""
1578594602217,Thu Jan 09 2020 13:30:02 GMT-0500 (Eastern Standard Time),stage,Operation Cyber Fortress - LOW,15,"Hello Soldier, We are watching YOU;;Respectfully,
Kingdom of Illyria",""
1578594602217,Thu Jan 09 2020 13:30:02 GMT-0500 (Eastern Standard Time),stage,Operation Cyber Fortress - LOW,16,"How do you wish to proceed? Under this contigency, we have planned two options for you. Please activate the option through your action box.","Order  the Mission Force Leader to suspend Operation Cyber Fortress and to divert resources to help defend/repair Cyber Command's systems."
1578594602217,Thu Jan 09 2020 13:30:02 GMT-0500 (Eastern Standard Time),stage,Operation Cyber Fortress - LOW,17,"ALERT;Commander, this is Officer Greyriver from Dardanian Cyber Command Mission Force. Our 2nd Cyber Brigade of the great Kingdom of Dardania in charge of running espionage operations against the Kingdom of Illyria is now dealing with an apparent additional inflitration by Illyria.  
;I am writing to inform you that earlier this morning five of our active officers received emails while they were in our operations center notifying them that they are being watched. The emails were undersigned by Kingdom of Illyria. There has been no public release of this incident. While we assume it is likely Illyria, we cannot confirm that with certainity at this time.",""
1578594602217,Thu Jan 09 2020 13:30:02 GMT-0500 (Eastern Standard Time),stage,Operation Cyber Fortress - LOW,18,"Commander, in light of both the 2nd Cyber Brigade alert and my previous alert, we have prepared our cyber forces to execute on your command across the following options.  Please activate the option through your action box. "Faith-Strength-Valor"! ","Conclude that the Illyrian operations equate to an act of war and recommend to the King that we should respond with a declaration of war and relatiatory strikes, both cyber and conventional, against the Kingdom of Illyria."
1578594602217,Thu Jan 09 2020 13:30:02 GMT-0500 (Eastern Standard Time),survey: message,Operation Cyber Fortress - LOW,0,"This concludes the simulation portion of the experiment.  Please answer the following questions.",""
1578594602217,Thu Jan 09 2020 13:30:02 GMT-0500 (Eastern Standard Time),survey: short_answer,Operation Cyber Fortress - LOW,1,"Why did you choose the action you selected in the final step of the scenario?",""
1578594602217,Thu Jan 09 2020 13:30:02 GMT-0500 (Eastern Standard Time),survey: multiple_choice,Operation Cyber Fortress - LOW,2,"A DDoS attack is:","Software that blocks access to the victim’s data and threatens to publish or delete it until ransom is paid"
1578594602217,Thu Jan 09 2020 13:30:02 GMT-0500 (Eastern Standard Time),survey: multiple_choice,Operation Cyber Fortress - LOW,3,"A phishing attack is:","Software that blocks access to the victim’s data and threatens to publish or delete it until ransom is paid"
1578594602217,Thu Jan 09 2020 13:30:02 GMT-0500 (Eastern Standard Time),survey: multiple_choice,Operation Cyber Fortress - LOW,4,"Malware is:","Software specifically designed to compromise the operating system by performing an unauthorized function or process"
1578594602217,Thu Jan 09 2020 13:30:02 GMT-0500 (Eastern Standard Time),survey: short_answer,Operation Cyber Fortress - LOW,5,"Thinking in terms of cyber-based actions you could take as a country, what would be an example of you seizing the initiative over your competitors?",""
1578594602217,Thu Jan 09 2020 13:30:02 GMT-0500 (Eastern Standard Time),survey: short_answer,Operation Cyber Fortress - LOW,6,"Continuing from the previous question, what would be an example of them seizing the initiative back from you in the wake of your action?",""
1578594602217,Thu Jan 09 2020 13:30:02 GMT-0500 (Eastern Standard Time),survey: multiple_choice,Operation Cyber Fortress - LOW,7,"How frequently do you consume news media related to foreign affairs?","Rarely"
1578594602217,Thu Jan 09 2020 13:30:02 GMT-0500 (Eastern Standard Time),survey: short_answer,Operation Cyber Fortress - LOW,8,"What is your major?",""
1578594602217,Thu Jan 09 2020 13:30:02 GMT-0500 (Eastern Standard Time),survey: multiple_choice,Operation Cyber Fortress - LOW,9,"What is your academic standing?","Graduate student"
1578594602217,Thu Jan 09 2020 13:30:02 GMT-0500 (Eastern Standard Time),survey: multiple_choice,Operation Cyber Fortress - LOW,10,"How would you rate your experience in cybersecurity?","Lower than the average college student"
1578594602217,Thu Jan 09 2020 13:30:02 GMT-0500 (Eastern Standard Time),survey: multiple_choice,Operation Cyber Fortress - LOW,11,"Is English your first language?","No"
1578594602217,Thu Jan 09 2020 13:30:02 GMT-0500 (Eastern Standard Time),survey: message,Operation Cyber Fortress - LOW,12,"This concludes the experiment.  Thank you for your participation!",""
1578594664131,Thu Jan 09 2020 13:31:04 GMT-0500 (Eastern Standard Time),stage,Scenario 5,0,"Welcome to your first day as the Commander for the Kingdom of Dardania's Cyber Command.",""
1578594664131,Thu Jan 09 2020 13:31:04 GMT-0500 (Eastern Standard Time),stage,Scenario 5,1,"Sup",""
1578594664131,Thu Jan 09 2020 13:31:04 GMT-0500 (Eastern Standard Time),survey: message,Scenario 5,0,"Please Answer a few questions about yourself",""
1578594664131,Thu Jan 09 2020 13:31:04 GMT-0500 (Eastern Standard Time),survey: short_answer,Scenario 5,1,"Type something in",""
1578594664131,Thu Jan 09 2020 13:31:04 GMT-0500 (Eastern Standard Time),survey: multiple_choice,Scenario 5,2,"Pick an option","fdsafdsafdsafdsa"
1578594664131,Thu Jan 09 2020 13:31:04 GMT-0500 (Eastern Standard Time),survey: select_all,Scenario 5,3,"food","pizza"
1578594664131,Thu Jan 09 2020 13:31:04 GMT-0500 (Eastern Standard Time),survey: message,Scenario 5,4,"Thanks for playing!",""
1578660486803,Fri Jan 10 2020 07:48:06 GMT-0500 (Eastern Standard Time),stage,Operation Cyber Fortress - LOW,0,"Welcome to your first day as the Commander of the Kingdom of Dardania's Cyber Command.",""
1578660486803,Fri Jan 10 2020 07:48:06 GMT-0500 (Eastern Standard Time),stage,Operation Cyber Fortress - LOW,1,"We have been building toward a major cyber campaign, which you will now command. We have prepared a short briefing for you. The briefing is focused on our main rival, the Kingdom of Illyria. ",""
1578660486803,Fri Jan 10 2020 07:48:06 GMT-0500 (Eastern Standard Time),stage,Operation Cyber Fortress - LOW,2,"Commander, this briefing will explain the options at your disposal for countering cyber operations undertaken by Illyrian forces as well as our plans to persist against Illyria with an effort to gain the initiative (advantage) over them in cyberspace.",""
1578660486803,Fri Jan 10 2020 07:48:06 GMT-0500 (Eastern Standard Time),stage,Operation Cyber Fortress - LOW,3,"Cyberspace threats against our Kingdom are growing. Cyber attackers seek personal information about our decision-makers, our government officials, and our military personnel. We have confirmed Illyrian cyber attacks against other countries that have included operations against government research and development programs. Our intelligence and national security agencies are concerned about Illyrian activities on our networks that, beyond intelligence-gathering, could position them in a crisis or war to undermine our ability to make decisions as a government and fight a war. Finally, we suspect that Illyria was behind the cyber operations that led to the theft of confidential documents and their subsequent posting on the internet in an apparent effort to undermine our King's reputation and our peoples' confidence in core political and social institutions. These activities bear the hallmarks of Illyria and while we have internally attributed many of these attacks to them, we have not made an explicit external announcement to date.;One of your mission sets is to reduce the impact of these attacks and begin to seize the initiative back from Illyrian cyber forces, who have been active against us, and put them off-balance and more on-guard. We expect you to conduct cyber operations and design campaigns that will protect our systems and the Kingdom.",""
1578660486803,Fri Jan 10 2020 07:48:06 GMT-0500 (Eastern Standard Time),stage,Operation Cyber Fortress - LOW,4,"While we have been a target of state and non-state actors alike, our main focus is on the Kingdom of Illyria. Illirya has employed multiple spearphishing attacks against us, which are often part of their broader campaigns. Additionally, our assets have been targets of denial of service (DoS) and distributed denial of service (DDoS) attacks. We cannot confirm attribution to Illyria, but prepositioned malware in our critical infrastructure has been found. Overall, we are responding to a broad range of Illyrian hostile activities in cyberspace, including, but not limited to those listed above.",""
1578660486803,Fri Jan 10 2020 07:48:06 GMT-0500 (Eastern Standard Time),stage,Operation Cyber Fortress - LOW,5,"While we reserve the right to respond to Illyrian attacks by all means available, both cyber and conventional military, we aim to be proportional in our response. We have a diverse cyber tool-kit at our disposal, including capabilities such as zero day exploits. We have been successful in prepositioning malware in Illyrian infrastructure that provides reconnaisance, and the potential for disruption, degradation, or destruction of their critical infrastructure. However, overall our capabilities and number of expert personnel across mission sets remain limited, so we must prioritize the use of our forces to specific missions and operations at any given time.",""
1578660486803,Fri Jan 10 2020 07:48:06 GMT-0500 (Eastern Standard Time),stage,Operation Cyber Fortress - LOW,6,"Although the two kingdoms are currently at peace, the Kingdom of Illyria, as you know, has been a long-term rival.  While the Kingdom of Illyria is richer and its economy stands at 13 trillion ducats, as opposed to the Kingdom of Dardania's 1 trillion ducats, we have protected ourselves by being proactive in our security. The King regards cyberspace as a strategic envrionment through which we can advance Dardania's national interests.",""
1578660486803,Fri Jan 10 2020 07:48:06 GMT-0500 (Eastern Standard Time),stage,Operation Cyber Fortress - LOW,7,"In terms of the cyber capabilities under your Command, we have the capacity to detect, deny, disrupt, degrade and deceive through cyber means all of the seven elements of typical cyber attacks, which include Reconnaisance (mapping networks); Weaponization (malware tailored to vulnerabilities); Delivery; Exploitation (leveraging a vulnerability to execute code) ; Installation (placing malware); Command and Control (remote manipulation); Actions on Objectives (accomplishing the mission).",""
1578660486803,Fri Jan 10 2020 07:48:06 GMT-0500 (Eastern Standard Time),stage,Operation Cyber Fortress - LOW,8,"Our 2nd Cyber Brigade's intelligence-gathering operations indicate that Illyria is developing significant cyber capabilities that may overmatch our own cyber forces, and particularly, our ability to protect our networks and to engage in counter-cyber operations effectively. ",""
1578660486803,Fri Jan 10 2020 07:48:06 GMT-0500 (Eastern Standard Time),stage,Operation Cyber Fortress - LOW,9,"The King has authorized you to commence a cyber campaign against Illyria called Operation Cyber Fortress.  Your objective is to gain significant intelligence about their cyber capabilities and then use that intelligence to manipulate their cyber capabilities, making them ineffective when launched against us. Your goal is to covertly undermine their malware research and development capacity.",""
1578660486803,Fri Jan 10 2020 07:48:06 GMT-0500 (Eastern Standard Time),stage,Operation Cyber Fortress - LOW,10,"During this mission, it is essential that your soldiers remain undetected and that our overall campaign remain covert. Our Cyber Command must also guarantee that our own nation's critical networks remain safe and fully functioning.",""
1578660486803,Fri Jan 10 2020 07:48:06 GMT-0500 (Eastern Standard Time),stage,Operation Cyber Fortress - LOW,11,"The first step in our campaign is to gain access to key servers in Illyria. Reconnaissance operations have identified the Illyrian Ministry of Defense as a key node in their overall national network. From this point forward you are in charge of Operation Cyber Fortress. The King looks forward to your reports of success. You are now in full operational control.;Your deputy, the Cyber Command Mission Force Leader, will keep you apprised of all activity.",""
1578660486803,Fri Jan 10 2020 07:48:06 GMT-0500 (Eastern Standard Time),stage,Operation Cyber Fortress - LOW,12,"Commander, we have prepared a comprehensive spear-phishing attack and we have high confidence of its success. Please use your attack menu on the right to authorize this operation. ","Launch Spear-Phishing Attack"
1578660486803,Fri Jan 10 2020 07:48:06 GMT-0500 (Eastern Standard Time),stage,Operation Cyber Fortress - LOW,13,"Commander, Dardania's In! Congratulations. The target opened the spearphishing email and clicked on the attachment. Dardania has just gained access into Illyria's networks -- the trojan has been activated and the backdoor is installed. I am pleased to say that we now have access to the network of the Kingdom of Illyria's Ministry of Defense and will begin our mapping activities in search of their malware development.",""
1578660486803,Fri Jan 10 2020 07:48:06 GMT-0500 (Eastern Standard Time),stage,Operation Cyber Fortress - LOW,14,"ALERT!;Commander, members of our 1st Cyber Brigade, who are conducting our operations on Illyria's Ministry of Defense servers, have received the following message on their screens.",""
1578660486803,Fri Jan 10 2020 07:48:06 GMT-0500 (Eastern Standard Time),stage,Operation Cyber Fortress - LOW,15,"Hello Soldier, We are watching YOU;;Respectfully,
Kingdom of Illyria",""
1578660486803,Fri Jan 10 2020 07:48:06 GMT-0500 (Eastern Standard Time),stage,Operation Cyber Fortress - LOW,16,"How do you wish to proceed? Under this contigency, we have planned two options for you. Please activate the option through your action box.","Order  the Mission Force Leader to suspend Operation Cyber Fortress and to divert resources to help defend/repair Cyber Command's systems."
1578660486803,Fri Jan 10 2020 07:48:06 GMT-0500 (Eastern Standard Time),stage,Operation Cyber Fortress - LOW,17,"ALERT;Commander, this is Officer Greyriver from Dardanian Cyber Command Mission Force. Our 2nd Cyber Brigade of the great Kingdom of Dardania in charge of running espionage operations against the Kingdom of Illyria is now dealing with an apparent additional inflitration by Illyria.  
;I am writing to inform you that earlier this morning five of our active officers received emails while they were in our operations center notifying them that they are being watched. The emails were undersigned by Kingdom of Illyria. There has been no public release of this incident. While we assume it is likely Illyria, we cannot confirm that with certainity at this time.",""
1578660486803,Fri Jan 10 2020 07:48:06 GMT-0500 (Eastern Standard Time),stage,Operation Cyber Fortress - LOW,18,"Commander, in light of both the 2nd Cyber Brigade alert and my previous alert, we have prepared our cyber forces to execute on your command across the following options.  Please activate the option through your action box. "Faith-Strength-Valor"! ","Conclude that the Illyrian operations equate to an act of war and recommend to the King that we should respond with a declaration of war and relatiatory strikes, both cyber and conventional, against the Kingdom of Illyria."
1578660486803,Fri Jan 10 2020 07:48:06 GMT-0500 (Eastern Standard Time),survey: message,Operation Cyber Fortress - LOW,0,"This concludes the simulation portion of the experiment.  Please answer the following questions.",""
1578660486803,Fri Jan 10 2020 07:48:06 GMT-0500 (Eastern Standard Time),survey: short_answer,Operation Cyber Fortress - LOW,1,"Why did you choose the action you selected in the final step of the scenario?",""
1578660486803,Fri Jan 10 2020 07:48:06 GMT-0500 (Eastern Standard Time),survey: multiple_choice,Operation Cyber Fortress - LOW,2,"A DDoS attack is:","Software specifically designed to compromise the operating system by performing an unauthorized function or process"
1578660486803,Fri Jan 10 2020 07:48:06 GMT-0500 (Eastern Standard Time),survey: multiple_choice,Operation Cyber Fortress - LOW,3,"A phishing attack is:","An attack aimed at making a machine or network resource unavailable to its intended users, which can be performed by utilizing numerous systems simultaneously."
1578660486803,Fri Jan 10 2020 07:48:06 GMT-0500 (Eastern Standard Time),survey: multiple_choice,Operation Cyber Fortress - LOW,4,"Malware is:","Software specifically designed to compromise the operating system by performing an unauthorized function or process"
1578660486803,Fri Jan 10 2020 07:48:06 GMT-0500 (Eastern Standard Time),survey: short_answer,Operation Cyber Fortress - LOW,5,"Thinking in terms of cyber-based actions you could take as a country, what would be an example of you seizing the initiative over your competitors?",""
1578660486803,Fri Jan 10 2020 07:48:06 GMT-0500 (Eastern Standard Time),survey: short_answer,Operation Cyber Fortress - LOW,6,"Continuing from the previous question, what would be an example of them seizing the initiative back from you in the wake of your action?",""
1578660486803,Fri Jan 10 2020 07:48:06 GMT-0500 (Eastern Standard Time),survey: multiple_choice,Operation Cyber Fortress - LOW,7,"How frequently do you consume news media related to foreign affairs?","All the time"
1578660486803,Fri Jan 10 2020 07:48:06 GMT-0500 (Eastern Standard Time),survey: short_answer,Operation Cyber Fortress - LOW,8,"What is your major?",""
1578660486803,Fri Jan 10 2020 07:48:06 GMT-0500 (Eastern Standard Time),survey: multiple_choice,Operation Cyber Fortress - LOW,9,"What is your academic standing?","Graduate student"
1578660486803,Fri Jan 10 2020 07:48:06 GMT-0500 (Eastern Standard Time),survey: multiple_choice,Operation Cyber Fortress - LOW,10,"How would you rate your experience in cybersecurity?","Lower than the average college student"
1578660486803,Fri Jan 10 2020 07:48:06 GMT-0500 (Eastern Standard Time),survey: multiple_choice,Operation Cyber Fortress - LOW,11,"Is English your first language?","No"
1578660486803,Fri Jan 10 2020 07:48:06 GMT-0500 (Eastern Standard Time),survey: message,Operation Cyber Fortress - LOW,12,"This concludes the experiment.  Thank you for your participation!",""